-- phpMyAdmin SQL Dump
-- version 4.8.5
-- https://www.phpmyadmin.net/
--
-- Host: 127.0.0.1
-- Generation Time: May 16, 2019 at 07:39 PM
-- Server version: 10.1.39-MariaDB
-- PHP Version: 7.3.5

SET SQL_MODE = "NO_AUTO_VALUE_ON_ZERO";
SET AUTOCOMMIT = 0;
START TRANSACTION;
SET time_zone = "+00:00";


/*!40101 SET @OLD_CHARACTER_SET_CLIENT=@@CHARACTER_SET_CLIENT */;
/*!40101 SET @OLD_CHARACTER_SET_RESULTS=@@CHARACTER_SET_RESULTS */;
/*!40101 SET @OLD_COLLATION_CONNECTION=@@COLLATION_CONNECTION */;
/*!40101 SET NAMES utf8mb4 */;

--
-- Database: `sport_news`
--

-- --------------------------------------------------------

--
-- Table structure for table `articles`
--

CREATE TABLE `articles` (
  `id` int(11) NOT NULL,
  `title` varchar(500) COLLATE utf8mb4_unicode_ci NOT NULL,
  `content` text COLLATE utf8mb4_unicode_ci NOT NULL,
  `category_id` int(11) NOT NULL,
  `published` datetime NOT NULL,
  `edited` datetime NOT NULL DEFAULT CURRENT_TIMESTAMP,
  `views` int(11) NOT NULL DEFAULT '0',
  `image` varchar(500) COLLATE utf8mb4_unicode_ci DEFAULT NULL,
  `approved` tinyint(4) NOT NULL DEFAULT '0',
  `author_id` int(11) NOT NULL,
  `image_credits` varchar(500) COLLATE utf8mb4_unicode_ci DEFAULT NULL
) ENGINE=InnoDB DEFAULT CHARSET=utf8mb4 COLLATE=utf8mb4_unicode_ci;

--
-- Dumping data for table `articles`
--

INSERT INTO `articles` (`id`, `title`, `content`, `category_id`, `published`, `edited`, `views`, `image`, `approved`, `author_id`, `image_credits`) VALUES
(1, 'Article Football 1', 'Lorem ipsum dolor sit amet, consectetur adipiscing elit. Nunc ornare ultrices lacus sed congue. In aliquet egestas dapibus. Vivamus rhoncus lacus et lorem pellentesque ultricies. Praesent urna diam, vehicula in justo ac, iaculis auctor ex. Praesent iaculis mi ut pharetra rhoncus. Quisque at nisl cidunt, aliquet augue quis, tempus mi. Curabitur suscipit odio nec efficitur blandit. Sed nec mi at purus laoreet pharetra. Donec sit amet porttitor leo. ullam varius fermentum enim ac hendrerit. Sed vitae imperdiet odio, non tempus odio. Ut ac sem eget metus feugiat placerat id a magna. Aenean ignissim tincidunt est, vel pretium dolor venenatis sed. Sed diam nulla, ultrices a erat sit amet, commodo venenatis nisl.\r\nVivamus luctus fermentum diam, volutpat fringilla risus sagittis et. Ut scelerisque, ante ut malesuada finibus, est lectus eleifend risus, vel varius nulla lectus id metus. Sed in turpis sit amet tortor laoreet euismod at non tortor. Ut pellentesque nibh et ipsum suscipit laoreet. Morbi malesuada ornare blandit. Nullam scelerisque, urna vel feugiat porta, nulla erat blandit orci, sit amet molestie libero erat eget metus. Curabitur tristique rutrum tristique. Donec a auctor mauris, quis suscipit erat. Pellentesque scelerisque, ex ut aliquam scelerisque, felis dolor mattis magna, vel ullamcorper velit est eu est. Integer iaculis tincidunt lectus, quis luctus quam rutrum eu. Fusce dolor nisi, fermentum ut lacus vel, scelerisque varius lacus. In tincidunt tellus nec nunc luctus pulvinar. Vestibulum non consequat purus.\r\n\r\nDonec tincidunt mattis feugiat. Nunc condimentum porta volutpat. In hac habitasse platea dictumst. Praesent ac libero diam. Donec non dapibus justo. Sed vulputate vel ligula at aliquet. Sed viverra porta libero, vitae malesuada lectus posuere a. Sed ac magna odio. Duis vel dictum risus. Suspendisse sed tellus nibh. Praesent risus nulla, interdum id pharetra vel, facilisis sit amet arcu. Nulla faucibus pharetra nibh imperdiet euismod. Donec mattis vestibulum justo.\r\n\r\nDonec nec convallis velit. Praesent ac blandit nunc. Pellentesque quis est in leo lacinia posuere. Cras sit amet ultrices neque. Nam ligula ex, gravida nec nibh ac, rutrum pretium mauris. Nunc pretium ultricies nisi sed fringilla. Maecenas eget ultricies eros. Sed id vestibulum ipsum. Nulla ac tellus vehicula augue viverra euismod sed in nisl. Maecenas vel leo dignissim, ultrices felis eget, faucibus massa. Vestibulum justo nibh, consectetur quis elementum sed, molestie eget felis. Suspendisse augue purus, rhoncus non pellentesque sed, maximus ut purus. Ut non metus convallis, mollis orci in, tincidunt dolor. Nam mauris neque, mattis a ante sed, sodales suscipit ante.\r\n\r\nSuspendisse quis purus id sem rhoncus faucibus sed eget risus. Suspendisse vel orci suscipit, iaculis quam vitae, euismod metus. Vestibulum luctus molestie dui, quis egestas turpis vestibulum in. Vestibulum purus orci, convallis ac tortor eget, pulvinar dictum elit. Nam ullamcorper turpis vitae augue lobortis, id dictum felis fermentum. Suspendisse eu cursus ligula. Mauris faucibus quam imperdiet orci consectetur, nec pellentesque magna ultrices. Aenean pellentesque lectus libero, non consectetur est fermentum pretium. Orci varius natoque penatibus et magnis dis parturient montes, nascetur ridiculus mus. Integer semper pellentesque tellus sed convallis. Vestibulum ante ipsum primis in faucibus orci luctus et ultrices posuere cubilia Curae; Cras congue tellus metus. Quisque ipsum orci, lacinia rutrum justo id, porta auctor neque. Nullam suscipit ligula in arcu ultricies ultricies. Donec porttitor, tellus tempus dignissim tempus, tortor orci pretium ex, lacinia blandit sem erat vulputate dolor. ', 1, '2019-03-03 12:37:40', '2019-03-03 13:37:40', 0, '03_03_2019_12_37_40.jpg', 1, 1, 'Photo by Harrison Moore on Unsplash'),
(2, 'Article Football 2', 'Lorem ipsum dolor sit amet, consectetur adipiscing elit. Nunc ornare ultrices lacus sed congue. In aliquet egestas dapibus. Vivamus rhoncus lacus et lorem pellentesque ultricies. Praesent urna diam, vehicula in justo ac, iaculis auctor ex. Praesent iaculis mi ut pharetra rhoncus. Quisque at nisl cidunt, aliquet augue quis, tempus mi. Curabitur suscipit odio nec efficitur blandit. Sed nec mi at purus laoreet pharetra. Donec sit amet porttitor leo. ullam varius fermentum enim ac hendrerit. Sed vitae imperdiet odio, non tempus odio. Ut ac sem eget metus feugiat placerat id a magna. Aenean ignissim tincidunt est, vel pretium dolor venenatis sed. Sed diam nulla, ultrices a erat sit amet, commodo venenatis nisl.\r\nVivamus luctus fermentum diam, volutpat fringilla risus sagittis et. Ut scelerisque, ante ut malesuada finibus, est lectus eleifend risus, vel varius nulla lectus id metus. Sed in turpis sit amet tortor laoreet euismod at non tortor. Ut pellentesque nibh et ipsum suscipit laoreet. Morbi malesuada ornare blandit. Nullam scelerisque, urna vel feugiat porta, nulla erat blandit orci, sit amet molestie libero erat eget metus. Curabitur tristique rutrum tristique. Donec a auctor mauris, quis suscipit erat. Pellentesque scelerisque, ex ut aliquam scelerisque, felis dolor mattis magna, vel ullamcorper velit est eu est. Integer iaculis tincidunt lectus, quis luctus quam rutrum eu. Fusce dolor nisi, fermentum ut lacus vel, scelerisque varius lacus. In tincidunt tellus nec nunc luctus pulvinar. Vestibulum non consequat purus.\r\n\r\nDonec tincidunt mattis feugiat. Nunc condimentum porta volutpat. In hac habitasse platea dictumst. Praesent ac libero diam. Donec non dapibus justo. Sed vulputate vel ligula at aliquet. Sed viverra porta libero, vitae malesuada lectus posuere a. Sed ac magna odio. Duis vel dictum risus. Suspendisse sed tellus nibh. Praesent risus nulla, interdum id pharetra vel, facilisis sit amet arcu. Nulla faucibus pharetra nibh imperdiet euismod. Donec mattis vestibulum justo.\r\n\r\nDonec nec convallis velit. Praesent ac blandit nunc. Pellentesque quis est in leo lacinia posuere. Cras sit amet ultrices neque. Nam ligula ex, gravida nec nibh ac, rutrum pretium mauris. Nunc pretium ultricies nisi sed fringilla. Maecenas eget ultricies eros. Sed id vestibulum ipsum. Nulla ac tellus vehicula augue viverra euismod sed in nisl. Maecenas vel leo dignissim, ultrices felis eget, faucibus massa. Vestibulum justo nibh, consectetur quis elementum sed, molestie eget felis. Suspendisse augue purus, rhoncus non pellentesque sed, maximus ut purus. Ut non metus convallis, mollis orci in, tincidunt dolor. Nam mauris neque, mattis a ante sed, sodales suscipit ante.\r\n\r\nSuspendisse quis purus id sem rhoncus faucibus sed eget risus. Suspendisse vel orci suscipit, iaculis quam vitae, euismod metus. Vestibulum luctus molestie dui, quis egestas turpis vestibulum in. Vestibulum purus orci, convallis ac tortor eget, pulvinar dictum elit. Nam ullamcorper turpis vitae augue lobortis, id dictum felis fermentum. Suspendisse eu cursus ligula. Mauris faucibus quam imperdiet orci consectetur, nec pellentesque magna ultrices. Aenean pellentesque lectus libero, non consectetur est fermentum pretium. Orci varius natoque penatibus et magnis dis parturient montes, nascetur ridiculus mus. Integer semper pellentesque tellus sed convallis. Vestibulum ante ipsum primis in faucibus orci luctus et ultrices posuere cubilia Curae; Cras congue tellus metus. Quisque ipsum orci, lacinia rutrum justo id, porta auctor neque. Nullam suscipit ligula in arcu ultricies ultricies. Donec porttitor, tellus tempus dignissim tempus, tortor orci pretium ex, lacinia blandit sem erat vulputate dolor. ', 1, '2019-03-03 12:38:03', '2019-03-03 12:38:03', 0, '03_03_2019_12_38_03.jpg', 1, 1, 'Photo by Edgar Chaparro on Unsplash'),
(3, 'Article Football 3', 'Lorem ipsum dolor sit amet, consectetur adipiscing elit. Nunc ornare ultrices lacus sed congue. In aliquet egestas dapibus. Vivamus rhoncus lacus et lorem pellentesque ultricies. Praesent urna diam, vehicula in justo ac, iaculis auctor ex. Praesent iaculis mi ut pharetra rhoncus. Quisque at nisl cidunt, aliquet augue quis, tempus mi. Curabitur suscipit odio nec efficitur blandit. Sed nec mi at purus laoreet pharetra. Donec sit amet porttitor leo. ullam varius fermentum enim ac hendrerit. Sed vitae imperdiet odio, non tempus odio. Ut ac sem eget metus feugiat placerat id a magna. Aenean ignissim tincidunt est, vel pretium dolor venenatis sed. Sed diam nulla, ultrices a erat sit amet, commodo venenatis nisl.\r\nVivamus luctus fermentum diam, volutpat fringilla risus sagittis et. Ut scelerisque, ante ut malesuada finibus, est lectus eleifend risus, vel varius nulla lectus id metus. Sed in turpis sit amet tortor laoreet euismod at non tortor. Ut pellentesque nibh et ipsum suscipit laoreet. Morbi malesuada ornare blandit. Nullam scelerisque, urna vel feugiat porta, nulla erat blandit orci, sit amet molestie libero erat eget metus. Curabitur tristique rutrum tristique. Donec a auctor mauris, quis suscipit erat. Pellentesque scelerisque, ex ut aliquam scelerisque, felis dolor mattis magna, vel ullamcorper velit est eu est. Integer iaculis tincidunt lectus, quis luctus quam rutrum eu. Fusce dolor nisi, fermentum ut lacus vel, scelerisque varius lacus. In tincidunt tellus nec nunc luctus pulvinar. Vestibulum non consequat purus.\r\n\r\nDonec tincidunt mattis feugiat. Nunc condimentum porta volutpat. In hac habitasse platea dictumst. Praesent ac libero diam. Donec non dapibus justo. Sed vulputate vel ligula at aliquet. Sed viverra porta libero, vitae malesuada lectus posuere a. Sed ac magna odio. Duis vel dictum risus. Suspendisse sed tellus nibh. Praesent risus nulla, interdum id pharetra vel, facilisis sit amet arcu. Nulla faucibus pharetra nibh imperdiet euismod. Donec mattis vestibulum justo.\r\n\r\nDonec nec convallis velit. Praesent ac blandit nunc. Pellentesque quis est in leo lacinia posuere. Cras sit amet ultrices neque. Nam ligula ex, gravida nec nibh ac, rutrum pretium mauris. Nunc pretium ultricies nisi sed fringilla. Maecenas eget ultricies eros. Sed id vestibulum ipsum. Nulla ac tellus vehicula augue viverra euismod sed in nisl. Maecenas vel leo dignissim, ultrices felis eget, faucibus massa. Vestibulum justo nibh, consectetur quis elementum sed, molestie eget felis. Suspendisse augue purus, rhoncus non pellentesque sed, maximus ut purus. Ut non metus convallis, mollis orci in, tincidunt dolor. Nam mauris neque, mattis a ante sed, sodales suscipit ante.\r\n\r\nSuspendisse quis purus id sem rhoncus faucibus sed eget risus. Suspendisse vel orci suscipit, iaculis quam vitae, euismod metus. Vestibulum luctus molestie dui, quis egestas turpis vestibulum in. Vestibulum purus orci, convallis ac tortor eget, pulvinar dictum elit. Nam ullamcorper turpis vitae augue lobortis, id dictum felis fermentum. Suspendisse eu cursus ligula. Mauris faucibus quam imperdiet orci consectetur, nec pellentesque magna ultrices. Aenean pellentesque lectus libero, non consectetur est fermentum pretium. Orci varius natoque penatibus et magnis dis parturient montes, nascetur ridiculus mus. Integer semper pellentesque tellus sed convallis. Vestibulum ante ipsum primis in faucibus orci luctus et ultrices posuere cubilia Curae; Cras congue tellus metus. Quisque ipsum orci, lacinia rutrum justo id, porta auctor neque. Nullam suscipit ligula in arcu ultricies ultricies. Donec porttitor, tellus tempus dignissim tempus, tortor orci pretium ex, lacinia blandit sem erat vulputate dolor. ', 1, '2019-03-03 12:41:18', '2019-03-03 12:41:18', 0, '03_03_2019_12_41_24.jpg', 1, 1, 'Photo by Fauzan Saari on Unsplash'),
(4, 'Article Football 4', 'Lorem ipsum dolor sit amet, consectetur adipiscing elit. Nunc ornare ultrices lacus sed congue. In aliquet egestas dapibus. Vivamus rhoncus lacus et lorem pellentesque ultricies. Praesent urna diam, vehicula in justo ac, iaculis auctor ex. Praesent iaculis mi ut pharetra rhoncus. Quisque at nisl cidunt, aliquet augue quis, tempus mi. Curabitur suscipit odio nec efficitur blandit. Sed nec mi at purus laoreet pharetra. Donec sit amet porttitor leo. ullam varius fermentum enim ac hendrerit. Sed vitae imperdiet odio, non tempus odio. Ut ac sem eget metus feugiat placerat id a magna. Aenean ignissim tincidunt est, vel pretium dolor venenatis sed. Sed diam nulla, ultrices a erat sit amet, commodo venenatis nisl.\r\nVivamus luctus fermentum diam, volutpat fringilla risus sagittis et. Ut scelerisque, ante ut malesuada finibus, est lectus eleifend risus, vel varius nulla lectus id metus. Sed in turpis sit amet tortor laoreet euismod at non tortor. Ut pellentesque nibh et ipsum suscipit laoreet. Morbi malesuada ornare blandit. Nullam scelerisque, urna vel feugiat porta, nulla erat blandit orci, sit amet molestie libero erat eget metus. Curabitur tristique rutrum tristique. Donec a auctor mauris, quis suscipit erat. Pellentesque scelerisque, ex ut aliquam scelerisque, felis dolor mattis magna, vel ullamcorper velit est eu est. Integer iaculis tincidunt lectus, quis luctus quam rutrum eu. Fusce dolor nisi, fermentum ut lacus vel, scelerisque varius lacus. In tincidunt tellus nec nunc luctus pulvinar. Vestibulum non consequat purus.\r\n\r\nDonec tincidunt mattis feugiat. Nunc condimentum porta volutpat. In hac habitasse platea dictumst. Praesent ac libero diam. Donec non dapibus justo. Sed vulputate vel ligula at aliquet. Sed viverra porta libero, vitae malesuada lectus posuere a. Sed ac magna odio. Duis vel dictum risus. Suspendisse sed tellus nibh. Praesent risus nulla, interdum id pharetra vel, facilisis sit amet arcu. Nulla faucibus pharetra nibh imperdiet euismod. Donec mattis vestibulum justo.\r\n\r\nDonec nec convallis velit. Praesent ac blandit nunc. Pellentesque quis est in leo lacinia posuere. Cras sit amet ultrices neque. Nam ligula ex, gravida nec nibh ac, rutrum pretium mauris. Nunc pretium ultricies nisi sed fringilla. Maecenas eget ultricies eros. Sed id vestibulum ipsum. Nulla ac tellus vehicula augue viverra euismod sed in nisl. Maecenas vel leo dignissim, ultrices felis eget, faucibus massa. Vestibulum justo nibh, consectetur quis elementum sed, molestie eget felis. Suspendisse augue purus, rhoncus non pellentesque sed, maximus ut purus. Ut non metus convallis, mollis orci in, tincidunt dolor. Nam mauris neque, mattis a ante sed, sodales suscipit ante.\r\n\r\nSuspendisse quis purus id sem rhoncus faucibus sed eget risus. Suspendisse vel orci suscipit, iaculis quam vitae, euismod metus. Vestibulum luctus molestie dui, quis egestas turpis vestibulum in. Vestibulum purus orci, convallis ac tortor eget, pulvinar dictum elit. Nam ullamcorper turpis vitae augue lobortis, id dictum felis fermentum. Suspendisse eu cursus ligula. Mauris faucibus quam imperdiet orci consectetur, nec pellentesque magna ultrices. Aenean pellentesque lectus libero, non consectetur est fermentum pretium. Orci varius natoque penatibus et magnis dis parturient montes, nascetur ridiculus mus. Integer semper pellentesque tellus sed convallis. Vestibulum ante ipsum primis in faucibus orci luctus et ultrices posuere cubilia Curae; Cras congue tellus metus. Quisque ipsum orci, lacinia rutrum justo id, porta auctor neque. Nullam suscipit ligula in arcu ultricies ultricies. Donec porttitor, tellus tempus dignissim tempus, tortor orci pretium ex, lacinia blandit sem erat vulputate dolor. ', 1, '2019-03-03 12:41:32', '2019-03-03 12:41:32', 0, '03_03_2019_12_41_32.jpg', 1, 1, 'Photo by Tevarak Phanduang on Unsplash'),
(5, 'Article Football 5', 'Lorem ipsum dolor sit amet, consectetur adipiscing elit. Nunc ornare ultrices lacus sed congue. In aliquet egestas dapibus. Vivamus rhoncus lacus et lorem pellentesque ultricies. Praesent urna diam, vehicula in justo ac, iaculis auctor ex. Praesent iaculis mi ut pharetra rhoncus. Quisque at nisl cidunt, aliquet augue quis, tempus mi. Curabitur suscipit odio nec efficitur blandit. Sed nec mi at purus laoreet pharetra. Donec sit amet porttitor leo. ullam varius fermentum enim ac hendrerit. Sed vitae imperdiet odio, non tempus odio. Ut ac sem eget metus feugiat placerat id a magna. Aenean ignissim tincidunt est, vel pretium dolor venenatis sed. Sed diam nulla, ultrices a erat sit amet, commodo venenatis nisl.\r\nVivamus luctus fermentum diam, volutpat fringilla risus sagittis et. Ut scelerisque, ante ut malesuada finibus, est lectus eleifend risus, vel varius nulla lectus id metus. Sed in turpis sit amet tortor laoreet euismod at non tortor. Ut pellentesque nibh et ipsum suscipit laoreet. Morbi malesuada ornare blandit. Nullam scelerisque, urna vel feugiat porta, nulla erat blandit orci, sit amet molestie libero erat eget metus. Curabitur tristique rutrum tristique. Donec a auctor mauris, quis suscipit erat. Pellentesque scelerisque, ex ut aliquam scelerisque, felis dolor mattis magna, vel ullamcorper velit est eu est. Integer iaculis tincidunt lectus, quis luctus quam rutrum eu. Fusce dolor nisi, fermentum ut lacus vel, scelerisque varius lacus. In tincidunt tellus nec nunc luctus pulvinar. Vestibulum non consequat purus.\r\n\r\nDonec tincidunt mattis feugiat. Nunc condimentum porta volutpat. In hac habitasse platea dictumst. Praesent ac libero diam. Donec non dapibus justo. Sed vulputate vel ligula at aliquet. Sed viverra porta libero, vitae malesuada lectus posuere a. Sed ac magna odio. Duis vel dictum risus. Suspendisse sed tellus nibh. Praesent risus nulla, interdum id pharetra vel, facilisis sit amet arcu. Nulla faucibus pharetra nibh imperdiet euismod. Donec mattis vestibulum justo.\r\n\r\nDonec nec convallis velit. Praesent ac blandit nunc. Pellentesque quis est in leo lacinia posuere. Cras sit amet ultrices neque. Nam ligula ex, gravida nec nibh ac, rutrum pretium mauris. Nunc pretium ultricies nisi sed fringilla. Maecenas eget ultricies eros. Sed id vestibulum ipsum. Nulla ac tellus vehicula augue viverra euismod sed in nisl. Maecenas vel leo dignissim, ultrices felis eget, faucibus massa. Vestibulum justo nibh, consectetur quis elementum sed, molestie eget felis. Suspendisse augue purus, rhoncus non pellentesque sed, maximus ut purus. Ut non metus convallis, mollis orci in, tincidunt dolor. Nam mauris neque, mattis a ante sed, sodales suscipit ante.\r\n\r\nSuspendisse quis purus id sem rhoncus faucibus sed eget risus. Suspendisse vel orci suscipit, iaculis quam vitae, euismod metus. Vestibulum luctus molestie dui, quis egestas turpis vestibulum in. Vestibulum purus orci, convallis ac tortor eget, pulvinar dictum elit. Nam ullamcorper turpis vitae augue lobortis, id dictum felis fermentum. Suspendisse eu cursus ligula. Mauris faucibus quam imperdiet orci consectetur, nec pellentesque magna ultrices. Aenean pellentesque lectus libero, non consectetur est fermentum pretium. Orci varius natoque penatibus et magnis dis parturient montes, nascetur ridiculus mus. Integer semper pellentesque tellus sed convallis. Vestibulum ante ipsum primis in faucibus orci luctus et ultrices posuere cubilia Curae; Cras congue tellus metus. Quisque ipsum orci, lacinia rutrum justo id, porta auctor neque. Nullam suscipit ligula in arcu ultricies ultricies. Donec porttitor, tellus tempus dignissim tempus, tortor orci pretium ex, lacinia blandit sem erat vulputate dolor. ', 1, '2019-03-03 12:41:41', '2019-03-03 12:41:41', 0, '03_03_2019_12_41_41.jpg', 1, 1, 'Photo by Dan Gold on Unsplash'),
(6, 'Article Football 6', 'Lorem ipsum dolor sit amet, consectetur adipiscing elit. Nunc ornare ultrices lacus sed congue. In aliquet egestas dapibus. Vivamus rhoncus lacus et lorem pellentesque ultricies. Praesent urna diam, vehicula in justo ac, iaculis auctor ex. Praesent iaculis mi ut pharetra rhoncus. Quisque at nisl tincidunt, aliquet augue quis, tempus mi. Curabitur suscipit odio nec efficitur blandit. Sed nec mi at purus laoreet pharetra. Donec sit amet porttitor leo. Nullam varius fermentum enim ac hendrerit. Sed vitae imperdiet odio, non tempus odio. Ut ac sem eget metus feugiat placerat id a magna. Aenean dignissim tincidunt est, vel pretium dolor venenatis sed. Sed diam nulla, ultrices a erat sit amet, commodo venenatis nisl.\r\n\r\nVivamus luctus fermentum diam, volutpat fringilla risus sagittis et. Ut scelerisque, ante ut malesuada finibus, est lectus eleifend risus, vel varius nulla lectus id metus. Sed in turpis sit amet tortor laoreet euismod at non tortor. Ut pellentesque nibh et ipsum suscipit laoreet. Morbi malesuada ornare blandit. Nullam scelerisque, urna vel feugiat porta, nulla erat blandit orci, sit amet molestie libero erat eget metus. Curabitur tristique rutrum tristique. Donec a auctor mauris, quis suscipit erat. Pellentesque scelerisque, ex ut aliquam scelerisque, felis dolor mattis magna, vel ullamcorper velit est eu est. Integer iaculis tincidunt lectus, quis luctus quam rutrum eu. Fusce dolor nisi, fermentum ut lacus vel, scelerisque varius lacus. In tincidunt tellus nec nunc luctus pulvinar. Vestibulum non consequat purus.\r\n\r\nDonec tincidunt mattis feugiat. Nunc condimentum porta volutpat. In hac habitasse platea dictumst. Praesent ac libero diam. Donec non dapibus justo. Sed vulputate vel ligula at aliquet. Sed viverra porta libero, vitae malesuada lectus posuere a. Sed ac magna odio. Duis vel dictum risus. Suspendisse sed tellus nibh. Praesent risus nulla, interdum id pharetra vel, facilisis sit amet arcu. Nulla faucibus pharetra nibh imperdiet euismod. Donec mattis vestibulum justo.\r\n\r\nDonec nec convallis velit. Praesent ac blandit nunc. Pellentesque quis est in leo lacinia posuere. Cras sit amet ultrices neque. Nam ligula ex, gravida nec nibh ac, rutrum pretium mauris. Nunc pretium ultricies nisi sed fringilla. Maecenas eget ultricies eros. Sed id vestibulum ipsum. Nulla ac tellus vehicula augue viverra euismod sed in nisl. Maecenas vel leo dignissim, ultrices felis eget, faucibus massa. Vestibulum justo nibh, consectetur quis elementum sed, molestie eget felis. Suspendisse augue purus, rhoncus non pellentesque sed, maximus ut purus. Ut non metus convallis, mollis orci in, tincidunt dolor. Nam mauris neque, mattis a ante sed, sodales suscipit ante.\r\n\r\nSuspendisse quis purus id sem rhoncus faucibus sed eget risus. Suspendisse vel orci suscipit, iaculis quam vitae, euismod metus. Vestibulum luctus molestie dui, quis egestas turpis vestibulum in. Vestibulum purus orci, convallis ac tortor eget, pulvinar dictum elit. Nam ullamcorper turpis vitae augue lobortis, id dictum felis fermentum. Suspendisse eu cursus ligula. Mauris faucibus quam imperdiet orci consectetur, nec pellentesque magna ultrices. Aenean pellentesque lectus libero, non consectetur est fermentum pretium. Orci varius natoque penatibus et magnis dis parturient montes, nascetur ridiculus mus. Integer semper pellentesque tellus sed convallis. Vestibulum ante ipsum primis in faucibus orci luctus et ultrices posuere cubilia Curae; Cras congue tellus metus. Quisque ipsum orci, lacinia rutrum justo id, porta auctor neque. Nullam suscipit ligula in arcu ultricies ultricies. Donec porttitor, tellus tempus dignissim tempus, tortor orci pretium ex, lacinia blandit sem erat vulputate dolor. ', 1, '2019-03-03 12:44:38', '2019-03-03 12:44:38', 0, '03_03_2019_12_44_38.jpg', 1, 1, 'Photo by Nathan Rogers on Unsplash'),
(7, 'Article Football 7', 'Lorem ipsum dolor sit amet, consectetur adipiscing elit. Nunc ornare ultrices lacus sed congue. In aliquet egestas dapibus. Vivamus rhoncus lacus et lorem pellentesque ultricies. Praesent urna diam, vehicula in justo ac, iaculis auctor ex. Praesent iaculis mi ut pharetra rhoncus. Quisque at nisl tincidunt, aliquet augue quis, tempus mi. Curabitur suscipit odio nec efficitur blandit. Sed nec mi at purus laoreet pharetra. Donec sit amet porttitor leo. Nullam varius fermentum enim ac hendrerit. Sed vitae imperdiet odio, non tempus odio. Ut ac sem eget metus feugiat placerat id a magna. Aenean dignissim tincidunt est, vel pretium dolor venenatis sed. Sed diam nulla, ultrices a erat sit amet, commodo venenatis nisl.\r\n\r\nVivamus luctus fermentum diam, volutpat fringilla risus sagittis et. Ut scelerisque, ante ut malesuada finibus, est lectus eleifend risus, vel varius nulla lectus id metus. Sed in turpis sit amet tortor laoreet euismod at non tortor. Ut pellentesque nibh et ipsum suscipit laoreet. Morbi malesuada ornare blandit. Nullam scelerisque, urna vel feugiat porta, nulla erat blandit orci, sit amet molestie libero erat eget metus. Curabitur tristique rutrum tristique. Donec a auctor mauris, quis suscipit erat. Pellentesque scelerisque, ex ut aliquam scelerisque, felis dolor mattis magna, vel ullamcorper velit est eu est. Integer iaculis tincidunt lectus, quis luctus quam rutrum eu. Fusce dolor nisi, fermentum ut lacus vel, scelerisque varius lacus. In tincidunt tellus nec nunc luctus pulvinar. Vestibulum non consequat purus.\r\n\r\nDonec tincidunt mattis feugiat. Nunc condimentum porta volutpat. In hac habitasse platea dictumst. Praesent ac libero diam. Donec non dapibus justo. Sed vulputate vel ligula at aliquet. Sed viverra porta libero, vitae malesuada lectus posuere a. Sed ac magna odio. Duis vel dictum risus. Suspendisse sed tellus nibh. Praesent risus nulla, interdum id pharetra vel, facilisis sit amet arcu. Nulla faucibus pharetra nibh imperdiet euismod. Donec mattis vestibulum justo.\r\n\r\nDonec nec convallis velit. Praesent ac blandit nunc. Pellentesque quis est in leo lacinia posuere. Cras sit amet ultrices neque. Nam ligula ex, gravida nec nibh ac, rutrum pretium mauris. Nunc pretium ultricies nisi sed fringilla. Maecenas eget ultricies eros. Sed id vestibulum ipsum. Nulla ac tellus vehicula augue viverra euismod sed in nisl. Maecenas vel leo dignissim, ultrices felis eget, faucibus massa. Vestibulum justo nibh, consectetur quis elementum sed, molestie eget felis. Suspendisse augue purus, rhoncus non pellentesque sed, maximus ut purus. Ut non metus convallis, mollis orci in, tincidunt dolor. Nam mauris neque, mattis a ante sed, sodales suscipit ante.\r\n\r\nSuspendisse quis purus id sem rhoncus faucibus sed eget risus. Suspendisse vel orci suscipit, iaculis quam vitae, euismod metus. Vestibulum luctus molestie dui, quis egestas turpis vestibulum in. Vestibulum purus orci, convallis ac tortor eget, pulvinar dictum elit. Nam ullamcorper turpis vitae augue lobortis, id dictum felis fermentum. Suspendisse eu cursus ligula. Mauris faucibus quam imperdiet orci consectetur, nec pellentesque magna ultrices. Aenean pellentesque lectus libero, non consectetur est fermentum pretium. Orci varius natoque penatibus et magnis dis parturient montes, nascetur ridiculus mus. Integer semper pellentesque tellus sed convallis. Vestibulum ante ipsum primis in faucibus orci luctus et ultrices posuere cubilia Curae; Cras congue tellus metus. Quisque ipsum orci, lacinia rutrum justo id, porta auctor neque. Nullam suscipit ligula in arcu ultricies ultricies. Donec porttitor, tellus tempus dignissim tempus, tortor orci pretium ex, lacinia blandit sem erat vulputate dolor. ', 1, '2019-03-03 12:44:47', '2019-03-03 12:44:47', 0, '03_03_2019_12_44_47.jpg', 1, 1, 'Photo by Ambitious Creative Co. - Rick Barrett on Unsplash'),
(8, 'Article Football 8', 'Lorem ipsum dolor sit amet, consectetur adipiscing elit. Nunc ornare ultrices lacus sed congue. In aliquet egestas dapibus. Vivamus rhoncus lacus et lorem pellentesque ultricies. Praesent urna diam, vehicula in justo ac, iaculis auctor ex. Praesent iaculis mi ut pharetra rhoncus. Quisque at nisl tincidunt, aliquet augue quis, tempus mi. Curabitur suscipit odio nec efficitur blandit. Sed nec mi at purus laoreet pharetra. Donec sit amet porttitor leo. Nullam varius fermentum enim ac hendrerit. Sed vitae imperdiet odio, non tempus odio. Ut ac sem eget metus feugiat placerat id a magna. Aenean dignissim tincidunt est, vel pretium dolor venenatis sed. Sed diam nulla, ultrices a erat sit amet, commodo venenatis nisl.\r\n\r\nVivamus luctus fermentum diam, volutpat fringilla risus sagittis et. Ut scelerisque, ante ut malesuada finibus, est lectus eleifend risus, vel varius nulla lectus id metus. Sed in turpis sit amet tortor laoreet euismod at non tortor. Ut pellentesque nibh et ipsum suscipit laoreet. Morbi malesuada ornare blandit. Nullam scelerisque, urna vel feugiat porta, nulla erat blandit orci, sit amet molestie libero erat eget metus. Curabitur tristique rutrum tristique. Donec a auctor mauris, quis suscipit erat. Pellentesque scelerisque, ex ut aliquam scelerisque, felis dolor mattis magna, vel ullamcorper velit est eu est. Integer iaculis tincidunt lectus, quis luctus quam rutrum eu. Fusce dolor nisi, fermentum ut lacus vel, scelerisque varius lacus. In tincidunt tellus nec nunc luctus pulvinar. Vestibulum non consequat purus.\r\n\r\nDonec tincidunt mattis feugiat. Nunc condimentum porta volutpat. In hac habitasse platea dictumst. Praesent ac libero diam. Donec non dapibus justo. Sed vulputate vel ligula at aliquet. Sed viverra porta libero, vitae malesuada lectus posuere a. Sed ac magna odio. Duis vel dictum risus. Suspendisse sed tellus nibh. Praesent risus nulla, interdum id pharetra vel, facilisis sit amet arcu. Nulla faucibus pharetra nibh imperdiet euismod. Donec mattis vestibulum justo.\r\n\r\nDonec nec convallis velit. Praesent ac blandit nunc. Pellentesque quis est in leo lacinia posuere. Cras sit amet ultrices neque. Nam ligula ex, gravida nec nibh ac, rutrum pretium mauris. Nunc pretium ultricies nisi sed fringilla. Maecenas eget ultricies eros. Sed id vestibulum ipsum. Nulla ac tellus vehicula augue viverra euismod sed in nisl. Maecenas vel leo dignissim, ultrices felis eget, faucibus massa. Vestibulum justo nibh, consectetur quis elementum sed, molestie eget felis. Suspendisse augue purus, rhoncus non pellentesque sed, maximus ut purus. Ut non metus convallis, mollis orci in, tincidunt dolor. Nam mauris neque, mattis a ante sed, sodales suscipit ante.\r\n\r\nSuspendisse quis purus id sem rhoncus faucibus sed eget risus. Suspendisse vel orci suscipit, iaculis quam vitae, euismod metus. Vestibulum luctus molestie dui, quis egestas turpis vestibulum in. Vestibulum purus orci, convallis ac tortor eget, pulvinar dictum elit. Nam ullamcorper turpis vitae augue lobortis, id dictum felis fermentum. Suspendisse eu cursus ligula. Mauris faucibus quam imperdiet orci consectetur, nec pellentesque magna ultrices. Aenean pellentesque lectus libero, non consectetur est fermentum pretium. Orci varius natoque penatibus et magnis dis parturient montes, nascetur ridiculus mus. Integer semper pellentesque tellus sed convallis. Vestibulum ante ipsum primis in faucibus orci luctus et ultrices posuere cubilia Curae; Cras congue tellus metus. Quisque ipsum orci, lacinia rutrum justo id, porta auctor neque. Nullam suscipit ligula in arcu ultricies ultricies. Donec porttitor, tellus tempus dignissim tempus, tortor orci pretium ex, lacinia blandit sem erat vulputate dolor. ', 1, '2019-03-03 12:44:55', '2019-03-03 12:44:55', 0, '03_03_2019_12_44_55.jpg', 1, 1, 'Photo by Andrii Podilnyk on Unsplash'),
(9, 'Article Basketball 1', 'Lorem ipsum dolor sit amet, consectetur adipiscing elit. Nunc ornare ultrices lacus sed congue. In aliquet egestas dapibus. Vivamus rhoncus lacus et lorem pellentesque ultricies. Praesent urna diam, vehicula in justo ac, iaculis auctor ex. Praesent iaculis mi ut pharetra rhoncus. Quisque at nisl tincidunt, aliquet augue quis, tempus mi. Curabitur suscipit odio nec efficitur blandit. Sed nec mi at purus laoreet pharetra. Donec sit amet porttitor leo. Nullam varius fermentum enim ac hendrerit. Sed vitae imperdiet odio, non tempus odio. Ut ac sem eget metus feugiat placerat id a magna. Aenean dignissim tincidunt est, vel pretium dolor venenatis sed. Sed diam nulla, ultrices a erat sit amet, commodo venenatis nisl.\r\n\r\nVivamus luctus fermentum diam, volutpat fringilla risus sagittis et. Ut scelerisque, ante ut malesuada finibus, est lectus eleifend risus, vel varius nulla lectus id metus. Sed in turpis sit amet tortor laoreet euismod at non tortor. Ut pellentesque nibh et ipsum suscipit laoreet. Morbi malesuada ornare blandit. Nullam scelerisque, urna vel feugiat porta, nulla erat blandit orci, sit amet molestie libero erat eget metus. Curabitur tristique rutrum tristique. Donec a auctor mauris, quis suscipit erat. Pellentesque scelerisque, ex ut aliquam scelerisque, felis dolor mattis magna, vel ullamcorper velit est eu est. Integer iaculis tincidunt lectus, quis luctus quam rutrum eu. Fusce dolor nisi, fermentum ut lacus vel, scelerisque varius lacus. In tincidunt tellus nec nunc luctus pulvinar. Vestibulum non consequat purus.\r\n\r\nDonec tincidunt mattis feugiat. Nunc condimentum porta volutpat. In hac habitasse platea dictumst. Praesent ac libero diam. Donec non dapibus justo. Sed vulputate vel ligula at aliquet. Sed viverra porta libero, vitae malesuada lectus posuere a. Sed ac magna odio. Duis vel dictum risus. Suspendisse sed tellus nibh. Praesent risus nulla, interdum id pharetra vel, facilisis sit amet arcu. Nulla faucibus pharetra nibh imperdiet euismod. Donec mattis vestibulum justo.\r\n\r\nDonec nec convallis velit. Praesent ac blandit nunc. Pellentesque quis est in leo lacinia posuere. Cras sit amet ultrices neque. Nam ligula ex, gravida nec nibh ac, rutrum pretium mauris. Nunc pretium ultricies nisi sed fringilla. Maecenas eget ultricies eros. Sed id vestibulum ipsum. Nulla ac tellus vehicula augue viverra euismod sed in nisl. Maecenas vel leo dignissim, ultrices felis eget, faucibus massa. Vestibulum justo nibh, consectetur quis elementum sed, molestie eget felis. Suspendisse augue purus, rhoncus non pellentesque sed, maximus ut purus. Ut non metus convallis, mollis orci in, tincidunt dolor. Nam mauris neque, mattis a ante sed, sodales suscipit ante.\r\n\r\nSuspendisse quis purus id sem rhoncus faucibus sed eget risus. Suspendisse vel orci suscipit, iaculis quam vitae, euismod metus. Vestibulum luctus molestie dui, quis egestas turpis vestibulum in. Vestibulum purus orci, convallis ac tortor eget, pulvinar dictum elit. Nam ullamcorper turpis vitae augue lobortis, id dictum felis fermentum. Suspendisse eu cursus ligula. Mauris faucibus quam imperdiet orci consectetur, nec pellentesque magna ultrices. Aenean pellentesque lectus libero, non consectetur est fermentum pretium. Orci varius natoque penatibus et magnis dis parturient montes, nascetur ridiculus mus. Integer semper pellentesque tellus sed convallis. Vestibulum ante ipsum primis in faucibus orci luctus et ultrices posuere cubilia Curae; Cras congue tellus metus. Quisque ipsum orci, lacinia rutrum justo id, porta auctor neque. Nullam suscipit ligula in arcu ultricies ultricies. Donec porttitor, tellus tempus dignissim tempus, tortor orci pretium ex, lacinia blandit sem erat vulputate dolor. ', 2, '2019-03-03 12:45:13', '2019-03-03 12:45:13', 0, '03_03_2019_12_45_13.jpg', 1, 1, 'Photo by Alexandr Bormotin on Unsplash'),
(10, 'Article Basketball 2', 'Lorem ipsum dolor sit amet, consectetur adipiscing elit. Nunc ornare ultrices lacus sed congue. In aliquet egestas dapibus. Vivamus rhoncus lacus et lorem pellentesque ultricies. Praesent urna diam, vehicula in justo ac, iaculis auctor ex. Praesent iaculis mi ut pharetra rhoncus. Quisque at nisl tincidunt, aliquet augue quis, tempus mi. Curabitur suscipit odio nec efficitur blandit. Sed nec mi at purus laoreet pharetra. Donec sit amet porttitor leo. Nullam varius fermentum enim ac hendrerit. Sed vitae imperdiet odio, non tempus odio. Ut ac sem eget metus feugiat placerat id a magna. Aenean dignissim tincidunt est, vel pretium dolor venenatis sed. Sed diam nulla, ultrices a erat sit amet, commodo venenatis nisl.\r\n\r\nVivamus luctus fermentum diam, volutpat fringilla risus sagittis et. Ut scelerisque, ante ut malesuada finibus, est lectus eleifend risus, vel varius nulla lectus id metus. Sed in turpis sit amet tortor laoreet euismod at non tortor. Ut pellentesque nibh et ipsum suscipit laoreet. Morbi malesuada ornare blandit. Nullam scelerisque, urna vel feugiat porta, nulla erat blandit orci, sit amet molestie libero erat eget metus. Curabitur tristique rutrum tristique. Donec a auctor mauris, quis suscipit erat. Pellentesque scelerisque, ex ut aliquam scelerisque, felis dolor mattis magna, vel ullamcorper velit est eu est. Integer iaculis tincidunt lectus, quis luctus quam rutrum eu. Fusce dolor nisi, fermentum ut lacus vel, scelerisque varius lacus. In tincidunt tellus nec nunc luctus pulvinar. Vestibulum non consequat purus.\r\n\r\nDonec tincidunt mattis feugiat. Nunc condimentum porta volutpat. In hac habitasse platea dictumst. Praesent ac libero diam. Donec non dapibus justo. Sed vulputate vel ligula at aliquet. Sed viverra porta libero, vitae malesuada lectus posuere a. Sed ac magna odio. Duis vel dictum risus. Suspendisse sed tellus nibh. Praesent risus nulla, interdum id pharetra vel, facilisis sit amet arcu. Nulla faucibus pharetra nibh imperdiet euismod. Donec mattis vestibulum justo.\r\n\r\nDonec nec convallis velit. Praesent ac blandit nunc. Pellentesque quis est in leo lacinia posuere. Cras sit amet ultrices neque. Nam ligula ex, gravida nec nibh ac, rutrum pretium mauris. Nunc pretium ultricies nisi sed fringilla. Maecenas eget ultricies eros. Sed id vestibulum ipsum. Nulla ac tellus vehicula augue viverra euismod sed in nisl. Maecenas vel leo dignissim, ultrices felis eget, faucibus massa. Vestibulum justo nibh, consectetur quis elementum sed, molestie eget felis. Suspendisse augue purus, rhoncus non pellentesque sed, maximus ut purus. Ut non metus convallis, mollis orci in, tincidunt dolor. Nam mauris neque, mattis a ante sed, sodales suscipit ante.\r\n\r\nSuspendisse quis purus id sem rhoncus faucibus sed eget risus. Suspendisse vel orci suscipit, iaculis quam vitae, euismod metus. Vestibulum luctus molestie dui, quis egestas turpis vestibulum in. Vestibulum purus orci, convallis ac tortor eget, pulvinar dictum elit. Nam ullamcorper turpis vitae augue lobortis, id dictum felis fermentum. Suspendisse eu cursus ligula. Mauris faucibus quam imperdiet orci consectetur, nec pellentesque magna ultrices. Aenean pellentesque lectus libero, non consectetur est fermentum pretium. Orci varius natoque penatibus et magnis dis parturient montes, nascetur ridiculus mus. Integer semper pellentesque tellus sed convallis. Vestibulum ante ipsum primis in faucibus orci luctus et ultrices posuere cubilia Curae; Cras congue tellus metus. Quisque ipsum orci, lacinia rutrum justo id, porta auctor neque. Nullam suscipit ligula in arcu ultricies ultricies. Donec porttitor, tellus tempus dignissim tempus, tortor orci pretium ex, lacinia blandit sem erat vulputate dolor. ', 2, '2019-03-03 12:45:19', '2019-03-03 12:45:19', 0, '03_03_2019_12_45_19.jpg', 1, 1, 'Photo by JC Gellidon on Unsplash'),
(11, 'Article Basketball 3', 'Lorem ipsum dolor sit amet, consectetur adipiscing elit. Nunc ornare ultrices lacus sed congue. In aliquet egestas dapibus. Vivamus rhoncus lacus et lorem pellentesque ultricies. Praesent urna diam, vehicula in justo ac, iaculis auctor ex. Praesent iaculis mi ut pharetra rhoncus. Quisque at nisl tincidunt, aliquet augue quis, tempus mi. Curabitur suscipit odio nec efficitur blandit. Sed nec mi at purus laoreet pharetra. Donec sit amet porttitor leo. Nullam varius fermentum enim ac hendrerit. Sed vitae imperdiet odio, non tempus odio. Ut ac sem eget metus feugiat placerat id a magna. Aenean dignissim tincidunt est, vel pretium dolor venenatis sed. Sed diam nulla, ultrices a erat sit amet, commodo venenatis nisl.\r\n\r\nVivamus luctus fermentum diam, volutpat fringilla risus sagittis et. Ut scelerisque, ante ut malesuada finibus, est lectus eleifend risus, vel varius nulla lectus id metus. Sed in turpis sit amet tortor laoreet euismod at non tortor. Ut pellentesque nibh et ipsum suscipit laoreet. Morbi malesuada ornare blandit. Nullam scelerisque, urna vel feugiat porta, nulla erat blandit orci, sit amet molestie libero erat eget metus. Curabitur tristique rutrum tristique. Donec a auctor mauris, quis suscipit erat. Pellentesque scelerisque, ex ut aliquam scelerisque, felis dolor mattis magna, vel ullamcorper velit est eu est. Integer iaculis tincidunt lectus, quis luctus quam rutrum eu. Fusce dolor nisi, fermentum ut lacus vel, scelerisque varius lacus. In tincidunt tellus nec nunc luctus pulvinar. Vestibulum non consequat purus.\r\n\r\nDonec tincidunt mattis feugiat. Nunc condimentum porta volutpat. In hac habitasse platea dictumst. Praesent ac libero diam. Donec non dapibus justo. Sed vulputate vel ligula at aliquet. Sed viverra porta libero, vitae malesuada lectus posuere a. Sed ac magna odio. Duis vel dictum risus. Suspendisse sed tellus nibh. Praesent risus nulla, interdum id pharetra vel, facilisis sit amet arcu. Nulla faucibus pharetra nibh imperdiet euismod. Donec mattis vestibulum justo.\r\n\r\nDonec nec convallis velit. Praesent ac blandit nunc. Pellentesque quis est in leo lacinia posuere. Cras sit amet ultrices neque. Nam ligula ex, gravida nec nibh ac, rutrum pretium mauris. Nunc pretium ultricies nisi sed fringilla. Maecenas eget ultricies eros. Sed id vestibulum ipsum. Nulla ac tellus vehicula augue viverra euismod sed in nisl. Maecenas vel leo dignissim, ultrices felis eget, faucibus massa. Vestibulum justo nibh, consectetur quis elementum sed, molestie eget felis. Suspendisse augue purus, rhoncus non pellentesque sed, maximus ut purus. Ut non metus convallis, mollis orci in, tincidunt dolor. Nam mauris neque, mattis a ante sed, sodales suscipit ante.\r\n\r\nSuspendisse quis purus id sem rhoncus faucibus sed eget risus. Suspendisse vel orci suscipit, iaculis quam vitae, euismod metus. Vestibulum luctus molestie dui, quis egestas turpis vestibulum in. Vestibulum purus orci, convallis ac tortor eget, pulvinar dictum elit. Nam ullamcorper turpis vitae augue lobortis, id dictum felis fermentum. Suspendisse eu cursus ligula. Mauris faucibus quam imperdiet orci consectetur, nec pellentesque magna ultrices. Aenean pellentesque lectus libero, non consectetur est fermentum pretium. Orci varius natoque penatibus et magnis dis parturient montes, nascetur ridiculus mus. Integer semper pellentesque tellus sed convallis. Vestibulum ante ipsum primis in faucibus orci luctus et ultrices posuere cubilia Curae; Cras congue tellus metus. Quisque ipsum orci, lacinia rutrum justo id, porta auctor neque. Nullam suscipit ligula in arcu ultricies ultricies. Donec porttitor, tellus tempus dignissim tempus, tortor orci pretium ex, lacinia blandit sem erat vulputate dolor. ', 2, '2019-03-03 12:45:25', '2019-03-03 12:45:25', 0, '03_03_2019_12_45_25.jpg', 1, 1, 'Photo by Joshua Ness on Unsplash'),
(12, 'Article Basketball 4', 'Lorem ipsum dolor sit amet, consectetur adipiscing elit. Nunc ornare ultrices lacus sed congue. In aliquet egestas dapibus. Vivamus rhoncus lacus et lorem pellentesque ultricies. Praesent urna diam, vehicula in justo ac, iaculis auctor ex. Praesent iaculis mi ut pharetra rhoncus. Quisque at nisl tincidunt, aliquet augue quis, tempus mi. Curabitur suscipit odio nec efficitur blandit. Sed nec mi at purus laoreet pharetra. Donec sit amet porttitor leo. Nullam varius fermentum enim ac hendrerit. Sed vitae imperdiet odio, non tempus odio. Ut ac sem eget metus feugiat placerat id a magna. Aenean dignissim tincidunt est, vel pretium dolor venenatis sed. Sed diam nulla, ultrices a erat sit amet, commodo venenatis nisl.\r\n\r\nVivamus luctus fermentum diam, volutpat fringilla risus sagittis et. Ut scelerisque, ante ut malesuada finibus, est lectus eleifend risus, vel varius nulla lectus id metus. Sed in turpis sit amet tortor laoreet euismod at non tortor. Ut pellentesque nibh et ipsum suscipit laoreet. Morbi malesuada ornare blandit. Nullam scelerisque, urna vel feugiat porta, nulla erat blandit orci, sit amet molestie libero erat eget metus. Curabitur tristique rutrum tristique. Donec a auctor mauris, quis suscipit erat. Pellentesque scelerisque, ex ut aliquam scelerisque, felis dolor mattis magna, vel ullamcorper velit est eu est. Integer iaculis tincidunt lectus, quis luctus quam rutrum eu. Fusce dolor nisi, fermentum ut lacus vel, scelerisque varius lacus. In tincidunt tellus nec nunc luctus pulvinar. Vestibulum non consequat purus.\r\n\r\nDonec tincidunt mattis feugiat. Nunc condimentum porta volutpat. In hac habitasse platea dictumst. Praesent ac libero diam. Donec non dapibus justo. Sed vulputate vel ligula at aliquet. Sed viverra porta libero, vitae malesuada lectus posuere a. Sed ac magna odio. Duis vel dictum risus. Suspendisse sed tellus nibh. Praesent risus nulla, interdum id pharetra vel, facilisis sit amet arcu. Nulla faucibus pharetra nibh imperdiet euismod. Donec mattis vestibulum justo.\r\n\r\nDonec nec convallis velit. Praesent ac blandit nunc. Pellentesque quis est in leo lacinia posuere. Cras sit amet ultrices neque. Nam ligula ex, gravida nec nibh ac, rutrum pretium mauris. Nunc pretium ultricies nisi sed fringilla. Maecenas eget ultricies eros. Sed id vestibulum ipsum. Nulla ac tellus vehicula augue viverra euismod sed in nisl. Maecenas vel leo dignissim, ultrices felis eget, faucibus massa. Vestibulum justo nibh, consectetur quis elementum sed, molestie eget felis. Suspendisse augue purus, rhoncus non pellentesque sed, maximus ut purus. Ut non metus convallis, mollis orci in, tincidunt dolor. Nam mauris neque, mattis a ante sed, sodales suscipit ante.\r\n\r\nSuspendisse quis purus id sem rhoncus faucibus sed eget risus. Suspendisse vel orci suscipit, iaculis quam vitae, euismod metus. Vestibulum luctus molestie dui, quis egestas turpis vestibulum in. Vestibulum purus orci, convallis ac tortor eget, pulvinar dictum elit. Nam ullamcorper turpis vitae augue lobortis, id dictum felis fermentum. Suspendisse eu cursus ligula. Mauris faucibus quam imperdiet orci consectetur, nec pellentesque magna ultrices. Aenean pellentesque lectus libero, non consectetur est fermentum pretium. Orci varius natoque penatibus et magnis dis parturient montes, nascetur ridiculus mus. Integer semper pellentesque tellus sed convallis. Vestibulum ante ipsum primis in faucibus orci luctus et ultrices posuere cubilia Curae; Cras congue tellus metus. Quisque ipsum orci, lacinia rutrum justo id, porta auctor neque. Nullam suscipit ligula in arcu ultricies ultricies. Donec porttitor, tellus tempus dignissim tempus, tortor orci pretium ex, lacinia blandit sem erat vulputate dolor. ', 2, '2019-03-03 12:45:30', '2019-03-03 12:45:30', 0, '03_03_2019_12_45_30.jpg', 1, 1, 'Photo by Ramiro Pianarosa on Unsplash');
INSERT INTO `articles` (`id`, `title`, `content`, `category_id`, `published`, `edited`, `views`, `image`, `approved`, `author_id`, `image_credits`) VALUES
(13, 'Article Basketball 5', 'Lorem ipsum dolor sit amet, consectetur adipiscing elit. Nunc ornare ultrices lacus sed congue. In aliquet egestas dapibus. Vivamus rhoncus lacus et lorem pellentesque ultricies. Praesent urna diam, vehicula in justo ac, iaculis auctor ex. Praesent iaculis mi ut pharetra rhoncus. Quisque at nisl tincidunt, aliquet augue quis, tempus mi. Curabitur suscipit odio nec efficitur blandit. Sed nec mi at purus laoreet pharetra. Donec sit amet porttitor leo. Nullam varius fermentum enim ac hendrerit. Sed vitae imperdiet odio, non tempus odio. Ut ac sem eget metus feugiat placerat id a magna. Aenean dignissim tincidunt est, vel pretium dolor venenatis sed. Sed diam nulla, ultrices a erat sit amet, commodo venenatis nisl.\r\n\r\nVivamus luctus fermentum diam, volutpat fringilla risus sagittis et. Ut scelerisque, ante ut malesuada finibus, est lectus eleifend risus, vel varius nulla lectus id metus. Sed in turpis sit amet tortor laoreet euismod at non tortor. Ut pellentesque nibh et ipsum suscipit laoreet. Morbi malesuada ornare blandit. Nullam scelerisque, urna vel feugiat porta, nulla erat blandit orci, sit amet molestie libero erat eget metus. Curabitur tristique rutrum tristique. Donec a auctor mauris, quis suscipit erat. Pellentesque scelerisque, ex ut aliquam scelerisque, felis dolor mattis magna, vel ullamcorper velit est eu est. Integer iaculis tincidunt lectus, quis luctus quam rutrum eu. Fusce dolor nisi, fermentum ut lacus vel, scelerisque varius lacus. In tincidunt tellus nec nunc luctus pulvinar. Vestibulum non consequat purus.\r\n\r\nDonec tincidunt mattis feugiat. Nunc condimentum porta volutpat. In hac habitasse platea dictumst. Praesent ac libero diam. Donec non dapibus justo. Sed vulputate vel ligula at aliquet. Sed viverra porta libero, vitae malesuada lectus posuere a. Sed ac magna odio. Duis vel dictum risus. Suspendisse sed tellus nibh. Praesent risus nulla, interdum id pharetra vel, facilisis sit amet arcu. Nulla faucibus pharetra nibh imperdiet euismod. Donec mattis vestibulum justo.\r\n\r\nDonec nec convallis velit. Praesent ac blandit nunc. Pellentesque quis est in leo lacinia posuere. Cras sit amet ultrices neque. Nam ligula ex, gravida nec nibh ac, rutrum pretium mauris. Nunc pretium ultricies nisi sed fringilla. Maecenas eget ultricies eros. Sed id vestibulum ipsum. Nulla ac tellus vehicula augue viverra euismod sed in nisl. Maecenas vel leo dignissim, ultrices felis eget, faucibus massa. Vestibulum justo nibh, consectetur quis elementum sed, molestie eget felis. Suspendisse augue purus, rhoncus non pellentesque sed, maximus ut purus. Ut non metus convallis, mollis orci in, tincidunt dolor. Nam mauris neque, mattis a ante sed, sodales suscipit ante.\r\n\r\nSuspendisse quis purus id sem rhoncus faucibus sed eget risus. Suspendisse vel orci suscipit, iaculis quam vitae, euismod metus. Vestibulum luctus molestie dui, quis egestas turpis vestibulum in. Vestibulum purus orci, convallis ac tortor eget, pulvinar dictum elit. Nam ullamcorper turpis vitae augue lobortis, id dictum felis fermentum. Suspendisse eu cursus ligula. Mauris faucibus quam imperdiet orci consectetur, nec pellentesque magna ultrices. Aenean pellentesque lectus libero, non consectetur est fermentum pretium. Orci varius natoque penatibus et magnis dis parturient montes, nascetur ridiculus mus. Integer semper pellentesque tellus sed convallis. Vestibulum ante ipsum primis in faucibus orci luctus et ultrices posuere cubilia Curae; Cras congue tellus metus. Quisque ipsum orci, lacinia rutrum justo id, porta auctor neque. Nullam suscipit ligula in arcu ultricies ultricies. Donec porttitor, tellus tempus dignissim tempus, tortor orci pretium ex, lacinia blandit sem erat vulputate dolor. ', 2, '2019-03-03 12:45:37', '2019-03-03 12:45:37', 0, '03_03_2019_12_45_37.jpg', 1, 1, 'Photo by Rosie yang on Unsplash'),
(14, 'Article Basketball 6', 'Lorem ipsum dolor sit amet, consectetur adipiscing elit. Nunc ornare ultrices lacus sed congue. In aliquet egestas dapibus. Vivamus rhoncus lacus et lorem pellentesque ultricies. Praesent urna diam, vehicula in justo ac, iaculis auctor ex. Praesent iaculis mi ut pharetra rhoncus. Quisque at nisl tincidunt, aliquet augue quis, tempus mi. Curabitur suscipit odio nec efficitur blandit. Sed nec mi at purus laoreet pharetra. Donec sit amet porttitor leo. Nullam varius fermentum enim ac hendrerit. Sed vitae imperdiet odio, non tempus odio. Ut ac sem eget metus feugiat placerat id a magna. Aenean dignissim tincidunt est, vel pretium dolor venenatis sed. Sed diam nulla, ultrices a erat sit amet, commodo venenatis nisl.\r\n\r\nVivamus luctus fermentum diam, volutpat fringilla risus sagittis et. Ut scelerisque, ante ut malesuada finibus, est lectus eleifend risus, vel varius nulla lectus id metus. Sed in turpis sit amet tortor laoreet euismod at non tortor. Ut pellentesque nibh et ipsum suscipit laoreet. Morbi malesuada ornare blandit. Nullam scelerisque, urna vel feugiat porta, nulla erat blandit orci, sit amet molestie libero erat eget metus. Curabitur tristique rutrum tristique. Donec a auctor mauris, quis suscipit erat. Pellentesque scelerisque, ex ut aliquam scelerisque, felis dolor mattis magna, vel ullamcorper velit est eu est. Integer iaculis tincidunt lectus, quis luctus quam rutrum eu. Fusce dolor nisi, fermentum ut lacus vel, scelerisque varius lacus. In tincidunt tellus nec nunc luctus pulvinar. Vestibulum non consequat purus.\r\n\r\nDonec tincidunt mattis feugiat. Nunc condimentum porta volutpat. In hac habitasse platea dictumst. Praesent ac libero diam. Donec non dapibus justo. Sed vulputate vel ligula at aliquet. Sed viverra porta libero, vitae malesuada lectus posuere a. Sed ac magna odio. Duis vel dictum risus. Suspendisse sed tellus nibh. Praesent risus nulla, interdum id pharetra vel, facilisis sit amet arcu. Nulla faucibus pharetra nibh imperdiet euismod. Donec mattis vestibulum justo.\r\n\r\nDonec nec convallis velit. Praesent ac blandit nunc. Pellentesque quis est in leo lacinia posuere. Cras sit amet ultrices neque. Nam ligula ex, gravida nec nibh ac, rutrum pretium mauris. Nunc pretium ultricies nisi sed fringilla. Maecenas eget ultricies eros. Sed id vestibulum ipsum. Nulla ac tellus vehicula augue viverra euismod sed in nisl. Maecenas vel leo dignissim, ultrices felis eget, faucibus massa. Vestibulum justo nibh, consectetur quis elementum sed, molestie eget felis. Suspendisse augue purus, rhoncus non pellentesque sed, maximus ut purus. Ut non metus convallis, mollis orci in, tincidunt dolor. Nam mauris neque, mattis a ante sed, sodales suscipit ante.\r\n\r\nSuspendisse quis purus id sem rhoncus faucibus sed eget risus. Suspendisse vel orci suscipit, iaculis quam vitae, euismod metus. Vestibulum luctus molestie dui, quis egestas turpis vestibulum in. Vestibulum purus orci, convallis ac tortor eget, pulvinar dictum elit. Nam ullamcorper turpis vitae augue lobortis, id dictum felis fermentum. Suspendisse eu cursus ligula. Mauris faucibus quam imperdiet orci consectetur, nec pellentesque magna ultrices. Aenean pellentesque lectus libero, non consectetur est fermentum pretium. Orci varius natoque penatibus et magnis dis parturient montes, nascetur ridiculus mus. Integer semper pellentesque tellus sed convallis. Vestibulum ante ipsum primis in faucibus orci luctus et ultrices posuere cubilia Curae; Cras congue tellus metus. Quisque ipsum orci, lacinia rutrum justo id, porta auctor neque. Nullam suscipit ligula in arcu ultricies ultricies. Donec porttitor, tellus tempus dignissim tempus, tortor orci pretium ex, lacinia blandit sem erat vulputate dolor. ', 2, '2019-03-03 12:45:42', '2019-03-03 12:45:42', 0, '03_03_2019_12_45_42.jpg', 1, 1, 'Photo by NeONBRAND on Unsplash'),
(15, 'Article Basketball 7', 'Lorem ipsum dolor sit amet, consectetur adipiscing elit. Nunc ornare ultrices lacus sed congue. In aliquet egestas dapibus. Vivamus rhoncus lacus et lorem pellentesque ultricies. Praesent urna diam, vehicula in justo ac, iaculis auctor ex. Praesent iaculis mi ut pharetra rhoncus. Quisque at nisl tincidunt, aliquet augue quis, tempus mi. Curabitur suscipit odio nec efficitur blandit. Sed nec mi at purus laoreet pharetra. Donec sit amet porttitor leo. Nullam varius fermentum enim ac hendrerit. Sed vitae imperdiet odio, non tempus odio. Ut ac sem eget metus feugiat placerat id a magna. Aenean dignissim tincidunt est, vel pretium dolor venenatis sed. Sed diam nulla, ultrices a erat sit amet, commodo venenatis nisl.\r\n\r\nVivamus luctus fermentum diam, volutpat fringilla risus sagittis et. Ut scelerisque, ante ut malesuada finibus, est lectus eleifend risus, vel varius nulla lectus id metus. Sed in turpis sit amet tortor laoreet euismod at non tortor. Ut pellentesque nibh et ipsum suscipit laoreet. Morbi malesuada ornare blandit. Nullam scelerisque, urna vel feugiat porta, nulla erat blandit orci, sit amet molestie libero erat eget metus. Curabitur tristique rutrum tristique. Donec a auctor mauris, quis suscipit erat. Pellentesque scelerisque, ex ut aliquam scelerisque, felis dolor mattis magna, vel ullamcorper velit est eu est. Integer iaculis tincidunt lectus, quis luctus quam rutrum eu. Fusce dolor nisi, fermentum ut lacus vel, scelerisque varius lacus. In tincidunt tellus nec nunc luctus pulvinar. Vestibulum non consequat purus.\r\n\r\nDonec tincidunt mattis feugiat. Nunc condimentum porta volutpat. In hac habitasse platea dictumst. Praesent ac libero diam. Donec non dapibus justo. Sed vulputate vel ligula at aliquet. Sed viverra porta libero, vitae malesuada lectus posuere a. Sed ac magna odio. Duis vel dictum risus. Suspendisse sed tellus nibh. Praesent risus nulla, interdum id pharetra vel, facilisis sit amet arcu. Nulla faucibus pharetra nibh imperdiet euismod. Donec mattis vestibulum justo.\r\n\r\nDonec nec convallis velit. Praesent ac blandit nunc. Pellentesque quis est in leo lacinia posuere. Cras sit amet ultrices neque. Nam ligula ex, gravida nec nibh ac, rutrum pretium mauris. Nunc pretium ultricies nisi sed fringilla. Maecenas eget ultricies eros. Sed id vestibulum ipsum. Nulla ac tellus vehicula augue viverra euismod sed in nisl. Maecenas vel leo dignissim, ultrices felis eget, faucibus massa. Vestibulum justo nibh, consectetur quis elementum sed, molestie eget felis. Suspendisse augue purus, rhoncus non pellentesque sed, maximus ut purus. Ut non metus convallis, mollis orci in, tincidunt dolor. Nam mauris neque, mattis a ante sed, sodales suscipit ante.\r\n\r\nSuspendisse quis purus id sem rhoncus faucibus sed eget risus. Suspendisse vel orci suscipit, iaculis quam vitae, euismod metus. Vestibulum luctus molestie dui, quis egestas turpis vestibulum in. Vestibulum purus orci, convallis ac tortor eget, pulvinar dictum elit. Nam ullamcorper turpis vitae augue lobortis, id dictum felis fermentum. Suspendisse eu cursus ligula. Mauris faucibus quam imperdiet orci consectetur, nec pellentesque magna ultrices. Aenean pellentesque lectus libero, non consectetur est fermentum pretium. Orci varius natoque penatibus et magnis dis parturient montes, nascetur ridiculus mus. Integer semper pellentesque tellus sed convallis. Vestibulum ante ipsum primis in faucibus orci luctus et ultrices posuere cubilia Curae; Cras congue tellus metus. Quisque ipsum orci, lacinia rutrum justo id, porta auctor neque. Nullam suscipit ligula in arcu ultricies ultricies. Donec porttitor, tellus tempus dignissim tempus, tortor orci pretium ex, lacinia blandit sem erat vulputate dolor. ', 2, '2019-03-03 12:45:47', '2019-03-03 12:45:47', 0, '03_03_2019_12_45_47.jpg', 1, 1, 'Photo by Andy Hu on Unsplash'),
(16, 'Article Basketball 8', 'Lorem ipsum dolor sit amet, consectetur adipiscing elit. Nunc ornare ultrices lacus sed congue. In aliquet egestas dapibus. Vivamus rhoncus lacus et lorem pellentesque ultricies. Praesent urna diam, vehicula in justo ac, iaculis auctor ex. Praesent iaculis mi ut pharetra rhoncus. Quisque at nisl cidunt, aliquet augue quis, tempus mi. Curabitur suscipit odio nec efficitur blandit. Sed nec mi at purus laoreet pharetra. Donec sit amet porttitor leo. ullam varius fermentum enim ac hendrerit. Sed vitae imperdiet odio, non tempus odio. Ut ac sem eget metus feugiat placerat id a magna. Aenean ignissim tincidunt est, vel pretium dolor venenatis sed. Sed diam nulla, ultrices a erat sit amet, commodo venenatis nisl.\r\nVivamus luctus fermentum diam, volutpat fringilla risus sagittis et. Ut scelerisque, ante ut malesuada finibus, est lectus eleifend risus, vel varius nulla lectus id metus. Sed in turpis sit amet tortor laoreet euismod at non tortor. Ut pellentesque nibh et ipsum suscipit laoreet. Morbi malesuada ornare blandit. Nullam scelerisque, urna vel feugiat porta, nulla erat blandit orci, sit amet molestie libero erat eget metus. Curabitur tristique rutrum tristique. Donec a auctor mauris, quis suscipit erat. Pellentesque scelerisque, ex ut aliquam scelerisque, felis dolor mattis magna, vel ullamcorper velit est eu est. Integer iaculis tincidunt lectus, quis luctus quam rutrum eu. Fusce dolor nisi, fermentum ut lacus vel, scelerisque varius lacus. In tincidunt tellus nec nunc luctus pulvinar. Vestibulum non consequat purus.\r\n\r\nDonec tincidunt mattis feugiat. Nunc condimentum porta volutpat. In hac habitasse platea dictumst. Praesent ac libero diam. Donec non dapibus justo. Sed vulputate vel ligula at aliquet. Sed viverra porta libero, vitae malesuada lectus posuere a. Sed ac magna odio. Duis vel dictum risus. Suspendisse sed tellus nibh. Praesent risus nulla, interdum id pharetra vel, facilisis sit amet arcu. Nulla faucibus pharetra nibh imperdiet euismod. Donec mattis vestibulum justo.\r\n\r\nDonec nec convallis velit. Praesent ac blandit nunc. Pellentesque quis est in leo lacinia posuere. Cras sit amet ultrices neque. Nam ligula ex, gravida nec nibh ac, rutrum pretium mauris. Nunc pretium ultricies nisi sed fringilla. Maecenas eget ultricies eros. Sed id vestibulum ipsum. Nulla ac tellus vehicula augue viverra euismod sed in nisl. Maecenas vel leo dignissim, ultrices felis eget, faucibus massa. Vestibulum justo nibh, consectetur quis elementum sed, molestie eget felis. Suspendisse augue purus, rhoncus non pellentesque sed, maximus ut purus. Ut non metus convallis, mollis orci in, tincidunt dolor. Nam mauris neque, mattis a ante sed, sodales suscipit ante.\r\n\r\nSuspendisse quis purus id sem rhoncus faucibus sed eget risus. Suspendisse vel orci suscipit, iaculis quam vitae, euismod metus. Vestibulum luctus molestie dui, quis egestas turpis vestibulum in. Vestibulum purus orci, convallis ac tortor eget, pulvinar dictum elit. Nam ullamcorper turpis vitae augue lobortis, id dictum felis fermentum. Suspendisse eu cursus ligula. Mauris faucibus quam imperdiet orci consectetur, nec pellentesque magna ultrices. Aenean pellentesque lectus libero, non consectetur est fermentum pretium. Orci varius natoque penatibus et magnis dis parturient montes, nascetur ridiculus mus. Integer semper pellentesque tellus sed convallis. Vestibulum ante ipsum primis in faucibus orci luctus et ultrices posuere cubilia Curae; Cras congue tellus metus. Quisque ipsum orci, lacinia rutrum justo id, porta auctor neque. Nullam suscipit ligula in arcu ultricies ultricies. Donec porttitor, tellus tempus dignissim tempus, tortor orci pretium ex, lacinia blandit sem erat vulputate dolor. ', 2, '2019-05-16 19:25:55', '2019-05-16 19:25:55', 0, '16_05_2019_7_25_55.jpg', 1, 1, 'Photo by MontyLov on Unsplash');

-- --------------------------------------------------------

--
-- Table structure for table `categories`
--

CREATE TABLE `categories` (
  `id` int(11) NOT NULL,
  `name` varchar(500) COLLATE utf8mb4_unicode_ci NOT NULL,
  `description` varchar(1000) COLLATE utf8mb4_unicode_ci DEFAULT NULL
) ENGINE=InnoDB DEFAULT CHARSET=utf8mb4 COLLATE=utf8mb4_unicode_ci;

--
-- Dumping data for table `categories`
--

INSERT INTO `categories` (`id`, `name`, `description`) VALUES
(1, 'Football', 'This is a football category'),
(2, 'Basketball', 'This is a basketball category');

-- --------------------------------------------------------

--
-- Table structure for table `comments`
--

CREATE TABLE `comments` (
  `id` int(11) NOT NULL,
  `date_time` datetime NOT NULL DEFAULT CURRENT_TIMESTAMP,
  `author` varchar(250) COLLATE utf8_unicode_ci NOT NULL,
  `content` varchar(5000) COLLATE utf8_unicode_ci NOT NULL,
  `approved` tinyint(4) NOT NULL DEFAULT '0',
  `article_id` int(11) NOT NULL
) ENGINE=InnoDB DEFAULT CHARSET=utf8 COLLATE=utf8_unicode_ci;

--
-- Dumping data for table `comments`
--

INSERT INTO `comments` (`id`, `date_time`, `author`, `content`, `approved`, `article_id`) VALUES
(2, '2019-05-14 20:47:11', 'User123', 'Test comment...', 1, 1),
(3, '2019-05-15 18:27:12', 'User 1', 'Test comment.... ...', 1, 13),
(4, '2019-05-15 18:28:07', 'User 2', 'Test comment 2', 1, 13),
(5, '2019-05-15 18:28:35', 'User 5', 'Test comment', 1, 4),
(6, '2019-05-16 19:26:29', 'User 9', 'Test comment...', 1, 16);

-- --------------------------------------------------------

--
-- Table structure for table `users`
--

CREATE TABLE `users` (
  `id` int(11) NOT NULL,
  `email` varchar(300) COLLATE utf8mb4_unicode_ci NOT NULL,
  `username` varchar(300) COLLATE utf8mb4_unicode_ci NOT NULL,
  `password` varchar(300) COLLATE utf8mb4_unicode_ci NOT NULL,
  `name` varchar(500) COLLATE utf8mb4_unicode_ci NOT NULL,
  `approved` tinyint(4) NOT NULL DEFAULT '0',
  `user_role_id` int(11) NOT NULL
) ENGINE=InnoDB DEFAULT CHARSET=utf8mb4 COLLATE=utf8mb4_unicode_ci;

--
-- Dumping data for table `users`
--

INSERT INTO `users` (`id`, `email`, `username`, `password`, `name`, `approved`, `user_role_id`) VALUES
(1, 'admin@admin.com', 'admin', 'admin', 'Admin Admin', 1, 7),
(2, 'manager@manager.com', 'manager', 'manager', 'Manager Manager', 1, 6),
(3, 'editor@editor.com', 'editor', 'editor', 'Editor Editor', 0, 5),
(4, 'author@author.com', 'author', 'author', 'Author Author', 0, 4),
(7, 'test@test.com', 'test', 'test', 'Test Test', 1, 6);

-- --------------------------------------------------------

--
-- Table structure for table `user_roles`
--

CREATE TABLE `user_roles` (
  `id` int(11) NOT NULL,
  `name` varchar(500) COLLATE utf8mb4_unicode_ci NOT NULL,
  `description` varchar(1000) COLLATE utf8mb4_unicode_ci NOT NULL
) ENGINE=InnoDB DEFAULT CHARSET=utf8mb4 COLLATE=utf8mb4_unicode_ci;

--
-- Dumping data for table `user_roles`
--

INSERT INTO `user_roles` (`id`, `name`, `description`) VALUES
(4, 'Author', 'Write important content'),
(5, 'Editor', 'Scheduling and managing content'),
(6, 'Manager', 'Manage most aspects of the site'),
(7, 'Admin', 'Manage everything');

--
-- Indexes for dumped tables
--

--
-- Indexes for table `articles`
--
ALTER TABLE `articles`
  ADD PRIMARY KEY (`id`),
  ADD KEY `category_id` (`category_id`),
  ADD KEY `author_id` (`author_id`);

--
-- Indexes for table `categories`
--
ALTER TABLE `categories`
  ADD PRIMARY KEY (`id`);

--
-- Indexes for table `comments`
--
ALTER TABLE `comments`
  ADD PRIMARY KEY (`id`),
  ADD KEY `article_id` (`article_id`);

--
-- Indexes for table `users`
--
ALTER TABLE `users`
  ADD PRIMARY KEY (`id`),
  ADD KEY `user_role_id` (`user_role_id`);

--
-- Indexes for table `user_roles`
--
ALTER TABLE `user_roles`
  ADD PRIMARY KEY (`id`);

--
-- AUTO_INCREMENT for dumped tables
--

--
-- AUTO_INCREMENT for table `articles`
--
ALTER TABLE `articles`
  MODIFY `id` int(11) NOT NULL AUTO_INCREMENT, AUTO_INCREMENT=17;

--
-- AUTO_INCREMENT for table `categories`
--
ALTER TABLE `categories`
  MODIFY `id` int(11) NOT NULL AUTO_INCREMENT, AUTO_INCREMENT=3;

--
-- AUTO_INCREMENT for table `comments`
--
ALTER TABLE `comments`
  MODIFY `id` int(11) NOT NULL AUTO_INCREMENT, AUTO_INCREMENT=7;

--
-- AUTO_INCREMENT for table `users`
--
ALTER TABLE `users`
  MODIFY `id` int(11) NOT NULL AUTO_INCREMENT, AUTO_INCREMENT=8;

--
-- AUTO_INCREMENT for table `user_roles`
--
ALTER TABLE `user_roles`
  MODIFY `id` int(11) NOT NULL AUTO_INCREMENT, AUTO_INCREMENT=8;

--
-- Constraints for dumped tables
--

--
-- Constraints for table `articles`
--
ALTER TABLE `articles`
  ADD CONSTRAINT `articles_ibfk_1` FOREIGN KEY (`category_id`) REFERENCES `categories` (`id`),
  ADD CONSTRAINT `articles_ibfk_2` FOREIGN KEY (`author_id`) REFERENCES `users` (`id`);

--
-- Constraints for table `comments`
--
ALTER TABLE `comments`
  ADD CONSTRAINT `comments_ibfk_1` FOREIGN KEY (`article_id`) REFERENCES `articles` (`id`);

--
-- Constraints for table `users`
--
ALTER TABLE `users`
  ADD CONSTRAINT `users_ibfk_1` FOREIGN KEY (`user_role_id`) REFERENCES `user_roles` (`id`);
COMMIT;

/*!40101 SET CHARACTER_SET_CLIENT=@OLD_CHARACTER_SET_CLIENT */;
/*!40101 SET CHARACTER_SET_RESULTS=@OLD_CHARACTER_SET_RESULTS */;
/*!40101 SET COLLATION_CONNECTION=@OLD_COLLATION_CONNECTION */;
